{
  "manifest": {
    "publishingInformation": {
      "locales": {
        "en-US": {
          "summary": "I want to know fact about",
          "examplePhrases": [
            "Alexa open hello world",
            "hello",
            "help"
          ],
          "keywords": [],
          "name": "Fact",
          "smallIconUri": "file://assets/images/en-US_smallIconUri.png",
          "description": "Sample Full Description",
          "largeIconUri": "file://assets/images/en-US_largeIconUri.png"
        }
      },
      "automaticDistribution": {
        "isActive": false
      },
      "isAvailableWorldwide": true,
      "testingInstructions": "Sample Testing Instructions.",
      "category": "KNOWLEDGE_AND_TRIVIA",
      "distributionCountries": []
    },
    "apis": {
      "custom": {
        "endpoint": {
          "uri": "arn:aws:lambda:us-east-1:533554269223:function:f7a3e5fe-37b3-42c4-b24c-adc99f1261ca:Release_0"
        },
        "interfaces": []
      }
    },
    "manifestVersion": "1.0",
    "privacyAndCompliance": {
      "allowsPurchases": false,
      "locales": {
        "en-US": {}
      },
      "isExportCompliant": true,
      "containsAds": false,
      "isChildDirected": false,
      "usesPersonalInfo": false
    }
  }
}